1,Michael Davis,+91 9876543210,F,40000.00,41
2,Susan Wilson,+91 9876543210,F,42000.00,42
3,John Clark,+91 9876543210,M,40000.00,43
4,Karen Turner,+91 9876543210,F,43000.00,44
5,David Martinez,+91 9876543210,M,44000.00,45
6,Elizabeth White,+91 9876543210,F,40000.00,46
7,Michael Miller,+91 9876543210,M,42000.00,47
8,Susan Jackson,+91 9876543210,F,40000.00,48
9,Robert Harris,+91 9876543210,M,43000.00,49
10,Nurse Rekha,+91 9876543210,F,44000.00,50
11,Emily Lewis,+91 9876543210,M,40000.00,51
12,Sarah Moore,+91 9876543210,F,42000.00,52
13,Charles Turner,+91 9876543210,M,40000.00,53
14,Patricia Anderson,+91 9876543210,F,43000.00,54
15,David Walker,+91 9876543210,M,44000.00,55
16,Emily Davis,+91 9876543210,F,40000.00,56
17,Thomas Harris,+91 9876543210,M,42000.00,57
18,Linda Turner,+91 9876543210,F,40000.00,58
19,John Wilson,+91 9876543210,F,43000.00,59
20,Elizabeth Turner,+91 9876543210,M,44000.00,60